time,sst,ssta,ph,do,salinitas,chla,uo,vo,gelombang,angin_u,angin_v
2001-01-01,28.867955588166044,0.08090498783364683,8.127072214205077,6.188002727026369,34.41799978158349,0.21183968763561986,0.019388708839804532,0.023759747124704845,0.9497644703814629,-0.4202992644267364,0.4061503602042631
2001-02-01,29.160813940641816,0.1704626512971435,8.130469041448869,6.019462281202174,34.356550862286454,0.26037980245809234,0.07915181012110856,0.00779342837153814,0.9491197599039303,0.3290175542155316,0.06307619646733713
2001-03-01,29.156966669185326,0.16271569556139895,8.138782376462045,6.000529012444837,34.19808483849827,0.27946952750381626,0.0661392738794544,0.0015678601489921649,1.0963942452902782,0.8507605895413997,-0.7032951110048764
2001-04-01,29.143863609039464,0.17653819943498592,8.14954353372957,5.995247983601115,34.079843322934245,0.30096605520103337,0.06595344556842923,-0.01623479558324527,0.9872555515366915,0.6466156764659527,-0.7839984676187288
2001-05-01,28.894012909997542,-0.043206787954077897,8.1530987521612,6.208811033067079,33.966118876609336,0.262359634346968,0.014937747032312756,-0.03629735815319589,0.8352127928281768,-0.057580311668097905,-1.6981186878743837
2001-06-01,28.35039147285519,0.2619287649778499,8.155088160331388,6.264158452779213,33.965613335158515,0.19342292322781313,-0.06991619289208346,-0.03392170843479661,0.9140061988199688,-1.2522262973532916,-1.5356131726193434
2001-07-01,28.182085682024734,-0.27503815296439094,8.152696393409142,6.4098089981858815,33.96226729050057,0.1561114719208931,-0.13055497707791291,-0.03519727349957716,0.636826927487733,-2.299089428153963,-1.524079430702717
2001-08-01,27.779433284720458,-0.37725760890572513,8.146249382450819,6.646819978897112,34.08085373723352,0.14932592205896594,-0.16522307459481614,-0.02426002039521595,0.6750250388397897,-3.4299433139884825,-1.1801907997913388
2001-09-01,27.938860873935308,-0.35815927281614524,8.140148362843568,6.631997817760464,34.20163664990265,0.16694920497885488,-0.18357666674833276,-0.00616824079869841,0.46640770927227626,-3.559993070891877,-0.8752126762219625
2001-10-01,27.850861377017747,-0.34092521031335965,8.133766229007238,6.53365406279904,34.34203140894465,0.18024486387915473,-0.16370655302157236,0.015562136820954135,0.6426825181086567,-2.790734028184045,0.04324325905820767
2001-11-01,28.19120757905793,-0.42757268245269375,8.123198660488749,6.488804077430769,34.40478943976908,0.20201518132908977,-0.12868046538837163,0.019944102148664464,0.696929061112551,-2.103234442442698,0.6901577860935846
2001-12-01,28.611525414481953,-0.04890112171233601,8.12414736355556,6.3055909421351775,34.46641748614645,0.1846313037699153,-0.053053446985231525,0.021460362843410914,0.7278683794023382,-1.6508560201366986,0.16584711018221832
2002-01-01,28.786156050830613,-0.13477521510484097,8.124763117452744,6.145370636332764,34.36805174298286,0.28890621005441247,0.005280605647905359,0.01764364282223408,0.9093516571063563,-0.1778659521632881,0.03726215675350708
2002-02-01,29.049848864316324,0.2355213939612985,8.128832200362092,5.9773253552347345,34.30303752088034,0.2572580613821795,0.03617346030593331,0.011536432894711058,0.9621091772996714,0.17287584808489403,0.04999928665247389
2002-03-01,29.172306898987504,0.20751665870974842,8.13689277214706,5.9708387411092,34.198257439212384,0.3403609712136742,0.053448280461735935,-0.010622830634358458,1.034580158245025,0.6286230078909733,-0.22342639245851592
2002-04-01,29.26711672368127,0.3263770425023134,8.147096511986621,6.052360261286451,34.11333222001016,0.2852921166983982,0.026975595056711665,-0.021494472572778547,1.0057524047647077,0.6037309395783593,-1.0311011605734555
2002-05-01,28.773889018595163,0.1722924379857048,8.151819742734224,6.10402257719344,33.912131658866905,0.2598511014469436,0.02194412211924085,-0.034512789332743106,0.8467537474967773,-0.2158041830782319,-1.5211501748019889
2002-06-01,28.513318956263905,0.18064272237813236,8.15454395356862,6.326208399872391,33.95104016422556,0.23607776439758224,-0.043177610839144336,-0.028175227146327017,0.8830782429084032,-1.3374924341200565,-1.2794914585396198
2002-07-01,28.174212509607887,-0.2611387624948011,8.151105783833541,6.46162894210446,34.022896770328146,0.1537677703373821,-0.13020469926147538,-0.026405368146319004,0.6846165723393174,-2.113545067033665,-1.163825809180906
2002-08-01,27.912741750644187,-0.3375885558141281,8.145015749346602,6.597753449564768,34.088818830989524,0.15941862981032903,-0.14300977700858897,-0.01975709056792747,0.5817916160783109,-3.2579690043194045,-1.0732537055300655
2002-09-01,27.82476932514901,-0.00966617630691996,8.139380812910925,6.594512991656814,34.19830230874355,0.128325076603554,-0.16173068685513758,-0.0020750744873130346,0.4835385242000765,-3.3534648836361898,-0.2557943311431602
2002-10-01,27.873169939729124,0.06491413413091796,8.128493740116008,6.568479506297791,34.302485471360775,0.14608582247063207,-0.16332362790929622,0.006144310384292268,0.6493983048342129,-2.4849928951476077,0.013024581635675101
2002-11-01,28.10635521905035,-0.10915486859377517,8.124344399039018,6.423773508268918,34.417660980940376,0.19193150629745362,-0.1348066948505349,0.016477106844813807,0.6784230237975718,-2.176807312256328,-0.024271759844222862
2002-12-01,28.507090119913514,-0.006258213032069479,8.12274947226713,6.288006097409922,34.43451144028655,0.20702405035029556,-0.05771113356424556,0.02052380213095718,0.8131346256969385,-1.4253914656041904,0.5960979754689038
2003-01-01,28.71914391607038,0.0594191482239427,8.11933464719576,6.191398314300906,34.36194232329187,0.2819988587682133,0.023708561476805768,0.026152886665734825,0.9459458719676817,-0.5938484849168005,0.29419320015072714
2003-02-01,29.288933258241862,0.11834569443628304,8.128975806083627,6.090563218063748,34.35237523078963,0.3139603774381342,0.06419926807189863,0.00854252936647847,0.9632251107650751,-0.1930008681145281,-0.08991801928328143
2003-03-01,29.181579186161308,0.17454635836353377,8.132956289294427,6.012745283889628,34.189391192636485,0.31453580012368615,0.06624716004211571,-0.004182525234032703,1.0730657990862837,0.7106087691448925,-0.36292988751651256
2003-04-01,29.10898735246716,0.1398122682154938,8.142439446950327,5.980355726614942,34.08734647133051,0.2719541951384568,0.08261166128956027,-0.020320343033786294,0.9971678227164528,-0.199698589034012,-1.3439263522556089
2003-05-01,28.833380643795927,0.07176622270744705,8.145790411150289,6.147006861198031,33.96562140492319,0.254856578307525,0.004301505490725779,-0.03289441259917175,0.9353013448590495,-0.5750832462808946,-1.5000039881268956
2003-06-01,28.571887759072766,-0.06561710556657989,8.1508578572122,6.303916592420211,33.978339145067686,0.2342587521323765,-0.03792698206035996,-0.02464705870175274,0.7041804035527913,-1.4186714433443628,-1.7402483359596406
2003-07-01,28.102448776144783,-0.20255610133383004,8.15298345967695,6.479487794581384,34.012762085689666,0.17818428200349992,-0.10249957442589017,-0.028017813150263072,0.7149047767346817,-2.680891976870177,-1.4896267388866224
2003-08-01,27.820142041318967,-0.17385638231536338,8.139646760523231,6.541898225581314,34.087706586479285,0.16971724278761724,-0.13515384279414966,-0.021731801546080964,0.5490616181876091,-3.3946739858433883,-1.0561522556610503
2003-09-01,27.885552498046884,-0.4145052256289926,8.137304901269259,6.518111546496539,34.18400805432051,0.09142030325726713,-0.1595620519566256,-0.0034655801673679236,0.5819128556851281,-3.708634032023692,-0.7264586132690354
2003-10-01,27.94536076740872,-0.4718458316127645,8.124900106435323,6.571136233944498,34.32111879594759,0.16878125955759496,-0.16411436090809037,0.012658091055569583,0.6248287238882672,-3.4986758844895895,0.19817129862933477
2003-11-01,28.13363021118824,-0.08970887077954104,8.120285997256849,6.363117380675522,34.4108119205198,0.18933754463718028,-0.11920329695862109,0.0290989140699002,0.5991751873228868,-2.6755888297612307,0.29072790114170666
2003-12-01,28.648096323901985,-0.038219287537742265,8.118628923554256,6.277190248120759,34.42469895354698,0.20130354424868574,-0.03436200521674862,0.02321306057022579,0.7657711533573396,-1.6261945118307448,0.6746166820213865
2004-01-01,28.926041542836803,0.20222437923856096,8.12009538178598,6.15202661510205,34.422848289839806,0.2489130281237542,0.0037527781985587936,0.02019727734930112,0.937802269658057,-0.9821439288821282,0.40268064599572956
2004-02-01,29.1901472778095,0.08647240442165502,8.125959781632108,6.064377188697055,34.31416327289404,0.3006114573340792,0.046724934852388655,0.005563235678396188,1.0079768881991797,0.14610521774442092,0.0686012557871315
2004-03-01,29.19326777358869,0.07051591537655538,8.132765352229653,5.924410655836234,34.23140021242879,0.2746504646022978,0.05861391649905612,-0.004639191024711783,1.054350427479488,0.5965990751136183,-0.5322061229302271
2004-04-01,29.083630587481007,0.1071145454716064,8.142203047149513,6.034845373910571,34.08032125864842,0.29189184316349776,0.0721602473002872,-0.015459081921798627,1.0238494308598527,0.5846910198170197,-1.2579811351771724
2004-05-01,28.89960396745103,0.21666272508186862,8.148088275972503,6.180373620677319,33.96884645581078,0.2732458396342982,-0.01193750046028031,-0.03542466679951154,0.9259655508947185,-0.731145962808652,-1.355590265362235
2004-06-01,28.48605409874383,-0.12706387689299808,8.147527108649012,6.330390245581949,33.98598591784581,0.2342340593430381,-0.06725162374838858,-0.039596908282150185,0.8286479400982056,-1.5627868529695275,-1.1232846881216954
2004-07-01,28.206822239820063,-0.21044918977165988,8.144182610376573,6.422787000168884,33.97153288110512,0.21008630062333597,-0.10445193843736006,-0.03231304425908682,0.6273638847189085,-2.5058076499036597,-1.4232620795624742
2004-08-01,28.01030385627278,-0.15483670522722115,8.139739016024588,6.583322763446282,34.05387351606236,0.13381665208467516,-0.14913594837934918,-0.022764357713850786,0.6890885593752915,-3.013744155650203,-0.615031804813468
2004-09-01,27.93866751482547,-0.42251763774980394,8.132639110126224,6.544534030453381,34.16020879505182,0.14416929305452916,-0.1782385834012427,-0.003997777413254321,0.5616613641007514,-3.5357126911517645,-0.48717173707774886
2004-10-01,27.95892705806367,-0.3451104323369974,8.12553376629525,6.597985020263381,34.29666077047619,0.15207518930488012,-0.16735716103588646,0.008251800264645026,0.6209598521002481,-3.2961585267278313,0.09346098574454638
2004-11-01,28.21480524646237,-0.10687551005957871,8.114573127016095,6.507920286696635,34.41407575089003,0.18016243056086834,-0.12386119684445848,0.026030428199672204,0.7309135788549307,-2.1728346650981165,0.3858196764846723
2004-12-01,28.58433779285361,0.1564405698611864,8.115124434344585,6.314630935838164,34.43743468246941,0.2102017765447254,-0.08575426567740778,0.028510661103461354,0.8154204626521618,-1.4609871078167833,0.5089840036534403
2005-01-01,28.931931068618184,0.07250334159051043,8.12062937305952,6.156947602364871,34.41483490480265,0.30804202170758965,0.015912576227249203,0.021053123550369392,0.9224197559727579,-0.9725485310951834,0.009228943409049728
2005-02-01,29.098604542145758,0.28506444878627846,8.124594295256177,6.117324888865595,34.335302013206274,0.2770651441497946,0.06517485878233549,0.008531965223302176,0.9494135863298834,1.0491274899012226,0.05793661647471193
2005-03-01,29.145505689754874,0.6196912818768128,8.130330243174662,6.082670525498734,34.23145691962346,0.2908945428435681,0.054113732596465874,-0.006502949261493512,1.1182510406164754,0.7207267879020721,-0.5762059419939118
2005-04-01,29.262674271947315,0.08451389679444318,8.141983187514263,6.079195119813337,34.04226889113011,0.26411599326469215,0.04525306818510099,-0.022817109863033716,0.943394640515207,0.5618207021861337,-0.8728792905581195
2005-05-01,28.902004970013603,0.15668409281941928,8.145326752433592,6.166347417000218,33.95467113534416,0.26022653119167266,0.005731678246305106,-0.03288227959874215,0.8614822997432742,-0.7073423203715077,-1.6504986043629157
2005-06-01,28.53737410203397,0.19722686163042502,8.146088046037024,6.308420263795786,33.91426936063759,0.1845296282041251,-0.043039790762780084,-0.02832122704061965,0.8272436725055715,-1.7121478300225532,-1.406018831234646
2005-07-01,28.274573692279393,-0.19065210962194526,8.144762838730733,6.464416268834279,33.97941508007382,0.19029632907970803,-0.10698381069308951,-0.026804517713199017,0.7047659262748764,-2.6923996392860157,-1.2398239904450854
2005-08-01,28.05227462802327,-0.3248910239752908,8.137372153297052,6.638544768354423,34.121941330397135,0.13589082078228745,-0.1386651441121597,-0.018248176860369187,0.5689159371749565,-4.079628842915742,-1.2468113772066922
2005-09-01,27.98060383177328,-0.4089470908549538,8.129536071482498,6.649692740766161,34.19373485879815,0.16435097460556936,-0.1384611835928234,-0.001236868372280501,0.7450294381170215,-3.76477737459695,-0.47035007135343965
2005-10-01,27.97816869423789,-0.21443951233484554,8.12453797298926,6.575914677684504,34.34119733893201,0.14406848330215666,-0.1468275861448824,0.012700960260128586,0.5343467291930097,-2.778297681432587,-0.45725740058594777
2005-11-01,28.134514227653213,0.04056057106815256,8.118192569440273,6.476722979750311,34.43969425571163,0.16556593902075073,-0.12694178416009821,0.014947519822867095,0.6988786514062619,-2.6256726497619085,0.39344827490406187
2005-12-01,28.69149261976337,0.04605075100913141,8.11334468127455,6.356330776207509,34.46798997531638,0.2012364450811294,-0.06949844005284975,0.02921631868087538,0.7398066817857354,-1.2296699037712202,0.3797859827569219
2006-01-01,28.87110480953459,0.4133645696070196,8.116824971893857,6.134685635083905,34.46700834592569,0.2533637555489594,0.010333677141449834,0.014050583480500001,1.0446567190870273,-0.23843436824070557,0.2401287850544338
2006-02-01,29.216897920726318,0.3249532650572009,8.121000542394443,6.043333727226999,34.31054365481937,0.2643528739546751,0.06123971502938406,0.018315930866756362,1.0487590711297452,0.7341780708773862,-0.1705837400007616
2006-03-01,29.26018238930206,0.44838483322004086,8.132924777224968,5.976238844943266,34.16758975963081,0.3020474967026475,0.0749795244487158,0.0004031273576084208,1.0903331702610715,0.4179986653017684,-0.6461054642083519
2006-04-01,29.26108993622774,0.5522573610682557,8.137474067595187,6.039197887827433,34.10633499653738,0.28363968396620737,0.06061539376215432,-0.023567136359321693,1.0978147777394787,-0.1074968538344721,-0.8863281980435503
2006-05-01,29.189756892407665,-0.14401566771886448,8.139218255392219,6.192897245859125,33.99476840369635,0.25244238942277414,0.03340571747631815,-0.02867882076050023,0.8751192322403676,-0.9456520203283718,-1.3080844815482657
2006-06-01,28.742323234919027,-0.1844438716505739,8.145309238822566,6.322981800649954,33.98187772656394,0.21654106477718976,-0.07455536554209542,-0.03698933291674183,0.75431591264995,-1.3283935370705549,-1.5420641378006368
2006-07-01,28.299971421970703,-0.29382836850829686,8.142534572330648,6.442314379394547,34.00118934540565,0.17154375694249094,-0.08779050384937745,-0.032989138475752196,0.6507153799801904,-2.8701183675136117,-1.461219812745238
2006-08-01,27.984138072921994,-0.4172335777525684,8.136911502850294,6.5305317753962155,34.07965216872398,0.16998616949982465,-0.1681408995623925,-0.0211411332202786,0.5652198671988162,-3.1921046323843716,-1.0059818813261552
2006-09-01,27.961617119516063,-0.0030375957064802117,8.127011135938467,6.550705869087567,34.2215118924873,0.12993343094723203,-0.17054060952526703,-0.005345115107125117,0.49680833235667715,-3.6294790917757505,-0.301974525151807
2006-10-01,28.000790717837237,-0.2561222930539589,8.122143380545635,6.5901454386177765,34.31323856046232,0.16987105071176875,-0.14565298858574263,0.009636636380186215,0.5341925071280067,-2.946981173263259,-0.39473770585344226
2006-11-01,28.25949326237917,0.003895357833195112,8.114490829501204,6.46775186067695,34.38344756404418,0.1763978425418373,-0.11092917514600363,0.015508111972679064,0.7099282858759614,-1.9868847750301888,0.13518111543409947
2006-12-01,28.73776850068618,0.033679932312768786,8.111080887074921,6.2569394063561345,34.484846366069476,0.21392805193664013,-0.08738512593339771,0.018350961738957033,0.74813275294545,-1.6167915987974004,0.5411008975019301
2007-01-01,28.942518025999977,0.15691911546473328,8.11366612937707,6.16859510472182,34.375906392973306,0.2142576318913471,-0.005630025154907157,0.027926934312055153,0.9021879828589714,-0.35288055738586627,0.48633265303063566
2007-02-01,29.32397467073444,-0.09769619252318529,8.120268206374499,6.068588009982975,34.33355707719934,0.2708555012279063,0.03518195093326632,0.0085254940618389,1.091104156113987,0.20930556616887122,-0.11025399340069351
2007-03-01,29.339101396405855,0.1362251493872387,8.124392986824102,6.012109978823618,34.20078852017891,0.2502370404937828,0.04785168988704697,-0.004517692841273648,1.0984170612967536,0.6349838082948438,-0.3957263537067682
2007-04-01,29.22421119340456,0.11340919858806806,8.13600628151642,6.040062988021731,34.07738199668226,0.2827061476402884,0.059288316559408756,-0.01845113970588169,1.0840389652650684,0.5707328515557069,-0.7550985962548836
2007-05-01,28.966185216807176,-0.14201439753198292,8.138813726576839,6.157245631989324,33.98268989986394,0.27235360919501056,0.0027788761165224284,-0.030258660929740413,0.8541998978508561,-0.9052281000498377,-1.5749646707801215
2007-06-01,28.643429474074026,0.37097019970339684,8.144220812931566,6.341364404974636,33.94482320372289,0.24568213476693282,-0.038703990309919035,-0.033944624568355085,0.7784771415221311,-1.9088299786619332,-1.0398812843182523
2007-07-01,28.293651614346683,-0.22714361482659282,8.138960587128693,6.46129637370934,34.00918285212885,0.15238462019841706,-0.09800933639031234,-0.028473076786076627,0.6876697660152725,-2.426071243730305,-1.4451876579231762
2007-08-01,27.954283973163005,-0.4365504114622733,8.132311042900122,6.598945705689591,34.006448934160055,0.1767095145710316,-0.16215009387155477,-0.01653609263600139,0.5952495516871595,-3.06786637847309,-1.0795849659753074
2007-09-01,27.98228044886976,-0.23644557848116587,8.125298867513541,6.646537187818815,34.162030542353925,0.09888026030277167,-0.1724506645941007,-0.0012839832693430056,0.558878665473986,-3.9866715832833997,-0.11047953090217322
2007-10-01,28.147187157756704,-0.2523651764251572,8.12104472644051,6.495323369469313,34.30396785856797,0.17327389936367746,-0.1598024479802437,0.007947584658224873,0.5365695427616467,-3.2912452825110288,0.058316966389391815
2007-11-01,28.363705717991003,-0.2915303942377323,8.109688174678864,6.469821495411914,34.440002404043184,0.14234227272688293,-0.11980100849645545,0.022787267042115044,0.656872550430809,-2.5493265467418524,0.7953204416487637
2007-12-01,28.650957701409208,-0.07228722131563185,8.111313958660837,6.349758645809827,34.473155596627855,0.22528742743447805,-0.06916546188090622,0.03400525500639494,0.8385960127094618,-1.3230805909666439,0.5232670315752217
2008-01-01,29.075527687378088,0.3162893822086542,8.112149415212073,6.131984039071627,34.374306599200054,0.26940946007671707,0.015589857020479646,0.020793799400053308,0.93397411419044,-0.8256353750151958,0.2961832072206999
2008-02-01,29.18971222623317,0.34917461969875474,8.118220955144082,6.054967828457897,34.26283276686216,0.28231415311394104,0.057212868619546726,0.010108486898518846,0.9885780912105488,0.2632395332559067,-0.07774634175671649
2008-03-01,29.288523154200146,0.3172883032560347,8.1254476982903,5.935027822674508,34.27691571654799,0.3003067746519588,0.07929640596637733,-0.004415878433665927,1.0273781217211968,0.9155709043263622,-0.4077021700528488
2008-04-01,29.176860312331247,0.30953447634545217,8.132185119738196,6.031607472196807,34.13067861723565,0.2934204086854094,0.08063843727574407,-0.015019375769973933,1.041455799697599,-0.2106022856451199,-0.9805267527303141
2008-05-01,28.923032017283912,0.17534326463306335,8.144880399251635,6.1111236841901695,33.990275056271486,0.3013900193517067,0.026212537037025318,-0.03758543214070216,0.9770811177480551,-0.2763504771168591,-1.2183406471821059
2008-06-01,28.582069128379192,-0.322495163565853,8.141964420915029,6.377887033152129,33.97147085564179,0.23516204823218048,-0.0597905712758862,-0.032518812989292996,0.8831457012449908,-1.2307386914591247,-1.4514026508884024
2008-07-01,28.30304323460076,-0.007103400743957322,8.138239918545707,6.527657857063215,33.95036599803179,0.19023917504153298,-0.09095110714857213,-0.028166726133561505,0.6715682695921259,-2.3069960848716384,-1.4907382601593417
2008-08-01,28.035334569652047,-0.34508804787626424,8.130573489486196,6.554806935461476,34.07653553959577,0.15866118389688588,-0.17016021848690377,-0.01744617473341859,0.5781831222918313,-2.5268628504052004,-0.9517698758424015
2008-09-01,27.92080222987712,-0.26520286461291914,8.121256365118843,6.627186275948577,34.20009333478802,0.1421967992898395,-0.13855245932268656,-0.0043993974766100685,0.5784959055358407,-3.115844055626751,-0.3905817280441625
2008-10-01,28.099266424706297,-0.31543876690354555,8.119567737331556,6.532325960162809,34.2806149070504,0.13220614288017565,-0.17272229921716395,0.007972100298712582,0.5914734757025666,-3.0886153243140027,-0.004246319188820639
2008-11-01,28.29040413188996,-0.0964276291633885,8.113471825051404,6.501712857528837,34.43801652393708,0.16580432351401608,-0.12390958106664518,0.021643168374192293,0.6687385296856576,-2.799687830677133,0.1653576951038317
2008-12-01,28.743474137770193,-0.24062462906574358,8.10708470828345,6.311542471191961,34.420474797430344,0.2101930832308073,-0.04949324883612579,0.03088055996220156,0.8833722843015639,-1.3214713306771675,0.5262912991605607
2009-01-01,29.137899003571402,0.284104069270224,8.115253317323997,6.16041310133795,34.42220329044005,0.269778941564244,-0.0009544416399578717,0.02214529021917684,0.9153445245674032,-0.39318848303568454,0.4995873154609134
2009-02-01,29.226944904152983,0.37234738420316293,8.114229234750685,6.033851385896657,34.37299938624479,0.22064834814747075,0.04253202619607399,0.010646698163563593,1.0068704652490927,-0.010287153586473335,0.06615803736934654
2009-03-01,29.515337873159435,0.07816247758022946,8.121604789646712,6.0383063065932285,34.18009422979574,0.3307540483837102,0.07727700784837979,-0.00634594855754861,0.9561676666639757,0.8359265790417383,-0.5156906570730913
2009-04-01,29.254532020116066,0.31848001435615736,8.1300597865312,6.03363116852928,34.09387135089324,0.2760281639121364,0.04243433800615246,-0.019744491805131208,1.0550814985800299,0.2426223493359267,-0.8996142036712245
2009-05-01,29.010444198425493,0.09046305177981119,8.134857325449937,6.211718217884885,33.990666892651944,0.26804248959506083,0.019115626791355773,-0.03264551757297785,0.8601619816112843,-0.7306795925893934,-1.4669699793965192
2009-06-01,28.73136562620236,-0.019522797822588537,8.136333036275822,6.254880028180669,33.946879348572836,0.21602201777185176,-0.040985683179050936,-0.03692431606292669,0.7743695840726074,-1.0936503691183526,-1.5740433739696265
2009-07-01,28.191635141027287,-0.30799587895546887,8.13888287919241,6.451820620133566,33.94670523233426,0.1561664336500477,-0.09510016590571767,-0.030441844189275553,0.6891249395066481,-2.6407728737496634,-0.9384638467982149
2009-08-01,27.966942200862228,-0.2669883544948731,8.127845500595969,6.575518355943894,34.0650688927694,0.12766158463193153,-0.15087977872943611,-0.02060610975457053,0.551086719576882,-2.887481605145402,-0.9331704492466708
2009-09-01,27.963565147911694,-0.45737425248428665,8.125153064834974,6.595082695967353,34.19162905210941,0.12474572963307815,-0.17605066976502423,-0.004960487240532429,0.4576861490402179,-3.4481117946951136,-0.6554739088376651
2009-10-01,28.06290051849935,-0.29411245464790053,8.114721071802936,6.5783581857352305,34.31591827921833,0.17510756250680656,-0.17112450349253094,0.006334124314847203,0.5502851686013148,-3.2338659188980556,-0.10679754949515363
2009-11-01,28.187596375768656,-0.13475222100814,8.110245419399215,6.436076119935189,34.44479857066566,0.1634835272303659,-0.12899329437368173,0.018134068175510346,0.6816237068019964,-2.9404498054685035,0.5994608508181658
2009-12-01,28.723922608416547,0.04868642544509867,8.10425866747532,6.296660989536531,34.44175355247916,0.22336447357330438,-0.04026765472499616,0.028315014218243402,0.8498927791289095,-1.5441899467138527,0.6078018810402006
2010-01-01,28.988788675640414,0.10970290322051145,8.109969905527414,6.100761284494025,34.48818301589569,0.29954442869362746,0.008711304142521066,0.024674242448813163,0.9447317305420434,-0.19253786482117502,0.32399731935082066
2010-02-01,29.311590924282786,0.09821032993948897,8.112866243617292,6.066609730412371,34.34607548177795,0.3141605616157382,0.04320448958430938,0.00460777641724636,1.0616699322545131,0.11059678929188552,0.008280269703116022
2010-03-01,29.342311797392973,0.22153324987503104,8.124661143464682,5.966706268479179,34.22521248576542,0.2804676394109933,0.05420092288949087,2.9450933814585863e-05,1.0162088395475706,0.3314329409494813,-0.3023987256760622
2010-04-01,29.39204888759846,0.21032317747664173,8.1343224140246,6.050440515174897,34.080104753007724,0.30852421497841187,0.025939001712860166,-0.018216062548566204,1.0377318143067344,0.34802889755873523,-1.0232663144932146
2010-05-01,28.971150444584755,-0.16983029450979703,8.132385279612297,6.121243819180455,33.98379850833564,0.23047465782477003,0.019849531132693596,-0.03097326449857048,0.9901613597600392,-0.19723770900268628,-1.3470359219314632
2010-06-01,28.618503427028696,0.3052281945126888,8.136652364879273,6.333907691367494,34.03737481957535,0.22089929843754133,-0.05710405333628328,-0.0343203001269455,0.819249367359118,-1.8346081696996543,-1.1188534117290876
2010-07-01,28.18588758625652,-0.0955544821393057,8.13471766076267,6.43866544224472,33.95061910566943,0.13902800089529743,-0.12411709393271067,-0.03417732129507005,0.7345995817038317,-2.708887692415143,-0.943510396183874
2010-08-01,28.08499592935321,-0.15342270781781941,8.131871628592346,6.495687783422511,34.04931362749881,0.1489262328502374,-0.16822646867256286,-0.019617111451081228,0.5967740632138634,-3.2664863374844,-1.031957778475261
2010-09-01,28.055159409551713,-0.012416266328932613,8.11970399448713,6.597171370716066,34.22510501425556,0.16248786856825004,-0.16435323459153323,-0.0026549173814615972,0.5525752792151176,-3.471697402194083,-0.3137115436487407
2010-10-01,28.210153349633153,-0.42765880413943247,8.115502365755782,6.521613945420924,34.33888426151817,0.11298320331903347,-0.14922209834043604,0.007475874805319343,0.559974324322877,-3.521398986072185,-0.19756457057863597
2010-11-01,28.345129786170062,-0.025008518357944418,8.10769987085345,6.424009187401812,34.414125897979034,0.1994749794509393,-0.13141036659568098,0.02749019267606984,0.7308187872924928,-2.360428834876797,-0.003246959269417926
2010-12-01,28.73812892588854,0.26045007971850564,8.103417414703195,6.30674015628823,34.47762012054403,0.204362908279769,-0.057665730909008346,0.03185042078618118,0.8686523997254575,-1.5287290004395024,0.37218720297242036
2011-01-01,28.982961625243103,0.392300258776277,8.107314429860859,6.1794323881251545,34.42015133515732,0.261040466771743,0.006428729456045933,0.022445618893026164,1.010065276682677,-0.5351893263611456,0.03955660598300759
2011-02-01,29.363434324791708,0.20151768278711232,8.112113940900352,6.085995495660529,34.36266363437336,0.29232064801378244,0.06373684180758173,0.006400821932558507,1.04552555036918,0.08076916684808452,-0.13295333574729537
2011-03-01,29.46030966280578,0.3916252601500362,8.123136954810668,5.9675974532142995,34.19751456747984,0.29181097985334115,0.048533788688315205,-0.008814874688397107,1.079908839413871,0.7109851003138358,-0.8036997057297905
2011-04-01,29.33153147526072,0.10156539608358492,8.124242468097222,5.960896702161853,34.08366172995482,0.29180354204078895,0.021970708781560523,-0.017306745317550415,0.9823551306632604,-0.2937958411949846,-0.9580863738979447
2011-05-01,28.974250149036752,0.04557803839444634,8.134142006004472,6.129846054586577,33.95997000346776,0.25718345951927535,0.008590370907628807,-0.03150242003599125,0.9476175428291271,-1.0018594222503987,-1.6568798859260334
2011-06-01,28.618642338819136,-0.1182711279015665,8.135367206050997,6.341417289914596,33.967286635711694,0.2504183461559999,-0.04861484803225195,-0.02941542906797236,0.8005033922638459,-1.972854992674663,-1.6667425889455676
2011-07-01,28.424686361363747,-0.14722285857330195,8.129241112636677,6.44293340076501,33.988426045837606,0.1740260623572817,-0.12458341725110565,-0.0292918290534354,0.6578330681672065,-2.4127247018695255,-1.2073906953661524
2011-08-01,27.963256818635504,-0.22536147240390866,8.129090596925392,6.536472015818764,34.11080692905409,0.14284582581686195,-0.13821286911938604,-0.018464749690575544,0.632321358248652,-2.9777792832344723,-0.8240297465803885
2011-09-01,28.13596099372071,-0.15899447528820917,8.121157590490593,6.592804672846321,34.22255310940337,0.15163347529041415,-0.16801881883031772,-0.014472860739804163,0.49349117916747404,-3.289984630040435,-0.49617573107725704
2011-10-01,27.983637116490293,-0.10585210873723519,8.108777062442325,6.531024001194,34.29341744676505,0.16881739483205774,-0.1454955555159218,0.006049512171228412,0.6405383777419678,-3.5443663878343417,-0.033227462027588923
2011-11-01,28.423894104862747,-0.1255142494401406,8.108803269038978,6.476770049831226,34.405415967962234,0.18515484454218833,-0.1039230703760965,0.019538801472667087,0.6394194783158949,-2.56044179928372,-0.12203363812941542
2011-12-01,28.554944186333486,0.22770452570119118,8.102927059503497,6.33299365698506,34.480651614549934,0.19426988426992914,-0.044530171040361985,0.021908697089258893,0.8180877481869824,-1.6083289399290448,0.2892160749256606
2012-01-01,29.09564207048309,0.08701004024684984,8.103930315350167,6.112724826875023,34.4000928037151,0.2573298013515682,0.01340837117369247,0.024521936986859425,0.8895713121701919,-0.7945119626242712,0.5048697700824737
2012-02-01,29.421354436589063,0.23857813120029436,8.109723444289456,6.0421070867376105,34.34878015221586,0.31226147533800214,0.05878352650173508,0.011511719342705125,0.9622074820509218,0.6347524630695864,-0.2590951162776803
2012-03-01,29.500895698974094,0.06833644985556994,8.112220915238742,5.9905249137007415,34.196373948483725,0.3312356051373712,0.03261169637322875,-0.009058110588952492,1.051181589458915,0.13701275872645863,-0.732181389026872
2012-04-01,29.4779736067696,0.21994513991316467,8.124051962540632,5.998371214497944,34.08467601589112,0.2712622290650989,0.053101351522115266,-0.016316018639006998,0.9459434877755131,0.12290471387161264,-0.9152742872160476
2012-05-01,29.225449345186245,0.3898770774815795,8.129908331941392,6.173178004798077,34.004725007889455,0.26910802839854636,0.012271366210749783,-0.03616874126050422,0.964276264053318,0.13189233550029922,-1.5319969501572717
2012-06-01,28.701153299387283,-0.1269506256514506,8.13184089293052,6.254365147810916,33.978064877635596,0.24480065395567002,-0.05100436892794969,-0.03420475598961776,0.78789407381583,-1.7443567232458546,-1.6113547950349156
2012-07-01,28.258266880011732,-0.09883212105046263,8.131333279880588,6.427410752347074,33.999546796293345,0.18597452729606667,-0.12586761511630043,-0.03052204190282224,0.6613162149070689,-2.232702794099112,-1.2467252611069228
2012-08-01,28.10526601889716,-0.15343636412388378,8.122846441147693,6.5750789189638645,34.05516096457987,0.1564214599783022,-0.19137454997905062,-0.015089907576391288,0.6905721919927214,-3.4167421231465025,-0.8199702789576924
2012-09-01,27.909291090752234,-0.3794560343658671,8.115098286160244,6.555033313735165,34.18582232632099,0.1866686425439589,-0.1522881814369423,-0.0041023854649714555,0.5157540718359767,-3.5937618075646243,-0.4953773179070388
2012-10-01,28.160081702690672,-0.31942760573156054,8.110647789864215,6.572748970690432,34.33097580957553,0.16902385942583523,-0.1582636111789437,0.010387131108513836,0.6025331742182239,-2.9941846623855346,0.021422974011992543
2012-11-01,28.293272982010794,-0.281293850901525,8.103959656178194,6.379196556232311,34.440880004245045,0.18518961297905548,-0.12686650404831384,0.0229702139109162,0.6173222101219246,-2.2799670984562517,0.3345266879367781
2012-12-01,28.684434438469946,0.07346619631833365,8.103756177702714,6.250441632107903,34.4894031509693,0.20427479241513566,-0.061058085927531904,0.025447208560103657,0.7864049931281424,-0.937974131852482,0.6296754279031858
2013-01-01,29.002513847878863,0.24362722371533807,8.10338601889434,6.17528525501092,34.42906800538924,0.19149212434436236,0.004837004801578204,0.02037739068028431,0.892283816702458,-0.16600095615076743,0.48560529058001656
2013-02-01,29.325325677025603,0.42318139130777443,8.106450881841448,6.027240040365595,34.3473116079589,0.3101621108977495,0.04060051981632392,0.009896674610879877,1.1050769252215216,0.4198355148238277,0.05628910019274357
2013-03-01,29.442300162540597,0.23590862574387333,8.114365871888197,6.060846262858859,34.19174631654807,0.32011977157084676,0.06624903974739109,-0.006251728358678198,1.092404274284113,0.40750895352115013,-0.8909174031052454
2013-04-01,29.374689627541944,0.18336842721365176,8.125823825652585,6.0107899513047025,34.113309181719416,0.296489446743333,0.058402567388758285,-0.022143425009883543,1.0150915676816505,0.29184941505149775,-0.9315835665859702
2013-05-01,29.2221406824052,-0.024835555852340513,8.132759211478557,6.1298692002833075,34.0187641223293,0.25127363442531714,0.026411270376510268,-0.032497471409344204,0.9054755161078271,-0.7399450342120788,-1.1991532350637888
2013-06-01,28.766771986430445,0.14276590503577735,8.131788210217533,6.2335735264573175,33.966580048542866,0.23730826943154074,-0.050958865317697444,-0.035736083143119685,0.7602125431468265,-1.2379747175220555,-1.3927373900881312
2013-07-01,28.414032578443106,0.027759727797470185,8.126899494159444,6.431130699728515,33.949537221273594,0.20445853053926147,-0.10942491847537608,-0.03343778661214639,0.6639118956336191,-2.5318284920179086,-1.5832246089828284
2013-08-01,28.170358574526098,-0.26728258834031693,8.121881267305161,6.515808231007968,34.087505274691395,0.1539480342511663,-0.15411904093502302,-0.01958729882869327,0.5445161897800537,-3.859419987689424,-0.9619807891918059
2013-09-01,28.20656202915443,-0.1657294737200684,8.115376549021052,6.679951185088114,34.215929529294286,0.1750580372498367,-0.1953214123285688,-0.0033705749322606826,0.506226807303822,-3.332889796160617,-0.48170820610188264
2013-10-01,28.296872914300554,-0.1655648345464376,8.107287099622694,6.563648819171134,34.36571451522439,0.1519570355966528,-0.17982332634852147,0.01518985647949321,0.5573486685392852,-3.521591833785881,0.10961020491448047
2013-11-01,28.392012146104705,-0.005480502750812549,8.099777453031523,6.468592398191004,34.42277565407494,0.1865728263448548,-0.09663966333282577,0.018530418607070862,0.7023414524131365,-2.0635545221516742,0.5172063174277897
2013-12-01,28.78396965351059,0.10921354862139711,8.095168483627353,6.288663132283049,34.43935482180237,0.20646165974902797,-0.030540633898501653,0.016355501738457963,0.8336847972918632,-1.537286355393631,0.6370244765933937
2014-01-01,29.09979709916559,-0.01099706204316711,8.102513419776917,6.145254391518478,34.3585746090203,0.282751176575464,0.003323688556551195,0.020560155412686652,0.9983426968156192,-0.062327100723454876,0.32428831082469084
2014-02-01,29.387146922865618,0.12728883067962743,8.107135903256701,6.007768458476919,34.347312071723486,0.26018926070052706,0.06555218155848697,0.010465164736370249,0.9682017870677556,0.24099282064668343,0.35446084921147125
2014-03-01,29.475030067950794,0.4571052943506325,8.11402079934658,6.001848650040381,34.20419548329312,0.3110586647694351,0.06878075007857952,-0.010910241269287857,0.9795389063077639,0.5665021149910601,-0.6966649279872947
2014-04-01,29.454597107914807,0.2192329017181215,8.11779111949006,5.938907252834904,34.07737145770157,0.2771728847402152,0.043387548679818075,-0.019011197821057688,0.9863585610988987,0.2776300028896553,-1.1231731060663548
2014-05-01,29.12691633941187,-0.03798603380708124,8.129012811835073,6.15951832462332,33.9909103172906,0.2601564984828026,0.02652005846439678,-0.04096369444381488,0.9141104408482101,-0.5841590627741252,-1.3202424061663312
2014-06-01,28.93711229192884,-0.08025338291184095,8.124566297910347,6.263376386239493,33.98286981914715,0.2704722550665665,-0.06698848958784752,-0.026616444155567416,0.8537866157594806,-2.0920547491527577,-1.07303970321559
2014-07-01,28.515658691546776,0.14509274124452065,8.126143094768626,6.463404012203546,34.01204324066111,0.1699118019941584,-0.09418303997256598,-0.027301052837635148,0.6139109699965004,-2.4834711957912923,-1.4296061504186517
2014-08-01,28.156942518189776,-0.37865354666780826,8.12141865785338,6.528189556940439,34.05092921040421,0.1839865646535138,-0.172416557101858,-0.015429766923501792,0.5616336981803262,-2.9538397391604865,-1.0048315382484883
2014-09-01,28.020124475679733,-0.32318125451471635,8.112485245171078,6.6171017650458905,34.21164390492772,0.15479560732792133,-0.17252883272055558,-0.009692237132770249,0.628837930823282,-3.825684255200999,-0.4390211356928617
2014-10-01,28.220407494466343,-0.268449736295803,8.104248928286623,6.548931704770693,34.34814128330408,0.15532515934455546,-0.17153536929075922,0.010964682482614667,0.6457947786555485,-3.135988528299821,-0.06574670705180086
2014-11-01,28.63729864029688,-0.012520547706949547,8.098289019292366,6.450088573338679,34.41889490715826,0.12861965669577535,-0.11180546728494901,0.016062014606715646,0.6728111056706514,-2.13097092553979,0.4866194388315555
2014-12-01,28.74208629570836,-0.007622701651083143,8.09866247373174,6.276539708917744,34.44032387597606,0.2422512853938796,-0.033664718980965846,0.025847448829723656,0.8784724058021897,-1.196857641188271,0.1222019539327131
2015-01-01,29.180337842309374,-0.024847209605653314,8.096020451362328,6.128404806259688,34.393508257029126,0.24284989912589622,0.007854199421064686,0.025220328127475627,0.9338162025294677,-0.4271608988836977,0.5389688405126662
2015-02-01,29.52178413584383,0.3222965088755081,8.109175315388336,6.009879352456009,34.32949734194823,0.25184184770866186,0.04684033277538198,0.01070207470681342,1.0222518575699548,-0.061634557205339446,-0.2129862389470562
2015-03-01,29.550706601918215,0.3870230004785451,8.111749884915483,5.899206940451365,34.25663862398939,0.312665146717135,0.08542652399597798,-0.000343377231446825,1.0481890713208233,0.04752086600713856,-0.5253350452448795
2015-04-01,29.398162275502248,0.11307164612694903,8.119423194467778,5.9419219302407535,34.095731218684925,0.2719707430108011,0.051435508394835724,-0.020300487415923982,0.9943811841889914,0.17891617165750553,-1.3419078743461763
2015-05-01,29.136972145250894,0.04274564454592274,8.123815658212562,6.181884809075675,33.974169308600295,0.2857580687110294,0.030842054336843255,-0.034901718543672564,0.870231207206446,-0.8029630951204364,-1.0045515859797927
2015-06-01,28.757029213646906,-0.16587346204516268,8.127416148759515,6.328822296612308,33.97632084168009,0.22909011672007387,-0.05049899091933424,-0.038672189505073236,0.922613528534586,-1.5162567159318796,-1.5396110897782775
2015-07-01,28.31303053058528,-0.19074363307514292,8.122431791903168,6.4782398216686445,33.96576164364093,0.1827304474671327,-0.10463148692120758,-0.03318044453200891,0.5821445936250205,-3.0121886631827337,-1.1421387491789807
2015-08-01,28.197531350238325,-0.5094796657587801,8.115619140568409,6.531001471868622,34.062366097726134,0.17203386618577376,-0.14975592891697007,-0.019599192746687803,0.6054510360587921,-3.414092691936807,-1.3585612762394308
2015-09-01,28.05214828788912,-0.30432130196278867,8.108185135756333,6.577526828602111,34.219187487538015,0.15476790992330575,-0.1732689558898612,-0.01153705381930627,0.5254856799050313,-3.0729860492575427,-0.4136624905383488
2015-10-01,28.212903171317368,-0.2313663847027842,8.102953321018152,6.631002977823028,34.33545816228612,0.18447417987360648,-0.19366731002365908,0.0074580266722099765,0.5150148644116986,-3.0354266450119907,-0.041784614452152646
2015-11-01,28.47224647307808,0.13317772258637212,8.094441513003847,6.387782122797618,34.42434024846425,0.17076514856530137,-0.11079505636312417,0.026907248001968663,0.7264608510115091,-2.5300718599521104,0.409436081038886
2015-12-01,28.67986257199645,0.04145652490051356,8.096287304155789,6.3336304446638465,34.394532817575275,0.23440970599067287,-0.060687932654874675,0.03129858396254802,0.6739404564623931,-1.991014789312553,0.9521894913535834
2016-01-01,29.105780918166037,0.1492949323118994,8.09659498768735,6.140121718659446,34.40304461135328,0.21707408628489278,-0.009007215713355023,0.020299315919226037,0.883242469284465,-0.2513396181837438,0.5394139374039033
2016-02-01,29.461716121116837,0.21097951739074544,8.10214191096001,6.123618985576506,34.3630305129466,0.3192900946869879,0.04720121371015655,0.014060601596285102,0.9650160293026223,-0.47758265442718295,-0.11771585512181713
2016-03-01,29.5633388762114,0.3431269854568188,8.104589176543653,5.963156144590871,34.14928818574512,0.28691394228808415,0.09412646433216464,-0.0016462036237446824,1.117710422446599,0.5741507949526281,-0.5424956173465103
2016-04-01,29.30992669460768,0.22477931398798098,8.120359422856936,6.100903460408851,34.02818352053033,0.3191600959183773,0.06794366642059997,-0.01620321060563556,1.0348635425465904,0.6125192824008716,-0.83252100966696
2016-05-01,29.195514479256254,0.35961286273513315,8.12272704301406,6.152649932081384,33.9647325871967,0.25522063588474636,0.004472490504663282,-0.024299870044959287,0.9550106218757693,0.09463982937945126,-1.3975006291309986
2016-06-01,28.849889479193077,0.23699192039243333,8.123607243190472,6.3336503978503345,33.94811587458508,0.20487130564592682,-0.032332228119206295,-0.035532051363076356,0.7407837710663492,-1.2740617845730005,-1.4008750534499925
2016-07-01,28.37296665638128,-0.07526283150375451,8.12167877452601,6.455382419798817,33.98735553735541,0.1961899336906698,-0.1283565945211065,-0.030654276151906353,0.6510275024973046,-2.131177022750131,-1.4739558070757952
2016-08-01,28.211616411685817,-0.3090167293988588,8.116961312308842,6.535112838406987,34.077839152222936,0.13289314361027904,-0.1408964188048798,-0.01858821390365558,0.5709099592547292,-2.7689702753333236,-1.010103673944927
2016-09-01,28.086373387939727,0.07648011161956891,8.108777342831981,6.605032080079991,34.180144589579214,0.15709807928002412,-0.17465033100038238,0.0013834123150494697,0.5325347600529472,-3.4397625075157015,-0.5624991408297314
2016-10-01,28.12615974369394,-0.15608306998533078,8.098990319799258,6.532157727915613,34.32039124249337,0.17801296526539695,-0.1546220950572441,0.010800012379699263,0.5099608587172142,-3.176337094249587,-0.013175433949913294
2016-11-01,28.411971694415634,-0.36361375154773146,8.094159414556334,6.475269396335168,34.42690095829589,0.1493074457916966,-0.10061937437844373,0.02548087278676338,0.6949011088598477,-1.8778122546103346,0.3298651108585966
2016-12-01,28.87589854547192,-0.16380738646269988,8.093998398994655,6.3267005857315075,34.46182343751247,0.18173949783362864,-0.07680558286569641,0.029495134354350104,0.8946137821428092,-1.5059311431967068,0.36638123169930215
2017-01-01,29.140533165070906,0.3924949560029861,8.094038336910574,6.131604714664849,34.40986659859002,0.281589777753499,0.009452658869718961,0.024035685186814464,0.8771510448188505,-0.4572366313697594,0.4221839180211644
2017-02-01,29.30547190145694,0.4195348098563174,8.100558377205996,6.062132596998944,34.359654066290915,0.27995693752253975,0.06465862101937758,0.013188950044248138,1.0457921583671308,0.9717257090016885,-0.057833320321232944
2017-03-01,29.584202129455115,0.09753407668231676,8.10965277950857,6.027871206841621,34.261272445986855,0.2954367186358128,0.08723519376424835,-0.0037900930541741257,1.0786662650595236,0.9838343531427927,-0.6417953924616793
2017-04-01,29.441815969974417,0.23816940203499554,8.113115465271973,6.037735611591273,34.114945353596035,0.2871406490207327,0.07170682047357146,-0.021725450588572393,0.9513832326371001,0.39858170850836827,-1.0375176746556418
2017-05-01,29.066160089714366,0.04306850583667708,8.123430783200146,6.131056438473285,34.01067901754508,0.2700844707108683,-0.02290215215989038,-0.03538368696853828,0.9669900917745864,-0.7437280717790602,-0.8399418611618362
2017-06-01,28.701421786966954,0.07539171905401915,8.122477132427884,6.291950309359201,33.94401413405616,0.21126099927234115,-0.05644687227962522,-0.035360505501467444,0.822352766374861,-1.2359538206320873,-1.1892014124920196
2017-07-01,28.45629665616844,-0.21325576747080527,8.11504993948705,6.4692582403259,33.96962273176075,0.22863751774379393,-0.09918857982306707,-0.034940827198970126,0.7354716559742752,-2.4114984297789537,-1.1370742398759288
2017-08-01,28.18161542916253,-0.3729809865948651,8.113439162970252,6.6072089483632706,34.06712729639576,0.12174086322303028,-0.15631952650025538,-0.0182937459602436,0.525583895516285,-3.005029614414967,-1.1161449192628083
2017-09-01,28.10469668400425,0.09523059047309684,8.102856098696144,6.6009019137816445,34.20048620781126,0.11692803306383462,-0.1575113259908398,-0.00651965990612139,0.6484429657761898,-3.6606870661197464,-0.49606963594500575
2017-10-01,28.257016234843665,-0.003242885244881033,8.098509408502698,6.58947827050061,34.38494441165104,0.14049831525662848,-0.14985580369546667,0.011127420051941813,0.5864985725858258,-2.6914612889529197,0.02888489826217558
2017-11-01,28.494571178746057,-0.4787545622920771,8.092525152103295,6.4796623403738325,34.44063466141028,0.18168794327818324,-0.09959757149746398,0.014936713888183541,0.7679124522970596,-2.8675530813637122,0.2646265091932871
2017-12-01,28.735367119362582,0.05312896956711896,8.090387870370996,6.353635020466514,34.4288074810589,0.22825235967353832,-0.0405043541094995,0.021451795437154808,0.7401053664969428,-2.0574485570321737,0.7194899177487637
2018-01-01,29.205884859170933,0.17854307069023329,8.094048903419537,6.1323717863836995,34.43717174503954,0.26435264574821266,-0.008327958453545378,0.023393156339288654,0.9514617004183712,-0.43272755908596694,0.641194078758494
2018-02-01,29.487053942263756,0.3628490246089636,8.099154392844492,6.051828666311493,34.34391567466389,0.30127743343075813,0.034165638548879246,0.01353566628631559,1.0395505806199616,0.5414352565471694,-0.14690120411031884
2018-03-01,29.663092681075494,0.34159682397509855,8.108368327740125,6.027366643914767,34.21919416282823,0.3204364000727141,0.060311781789760426,-0.007661757910702943,1.0850982039023052,0.10739547314091685,-0.6064781418054579
2018-04-01,29.436140847083223,0.27252767005081985,8.114338272797143,6.007577832671641,34.073871049519695,0.34126667185757176,0.07440482800208097,-0.021550380235096228,1.0510714739469051,0.2920076997625786,-1.2945376856884088
2018-05-01,29.302508437488648,0.23506877793186498,8.122412893918455,6.102658298869701,34.01371973266941,0.27427640475674847,0.013760199630697441,-0.03257300879718786,0.873977746396431,-0.9911746000204242,-1.2756823152976504
2018-06-01,28.788774829880268,-0.18478381506651817,8.123124200413661,6.325716532848924,33.99115265348513,0.2115369906771564,-0.051318765618791125,-0.03201982384200555,0.7884369106218946,-1.6930855208335622,-1.3400527069684245
2018-07-01,28.361470124187285,-0.3776031649920547,8.115347234292484,6.424741490364026,33.98743220886288,0.1582306133753612,-0.11175095167770828,-0.03360523269443295,0.7328039889196918,-1.953232774000607,-1.6314980647159334
2018-08-01,28.30461181997783,-0.6280225566394229,8.111554007589234,6.5427508396228715,34.07137017702736,0.156047413798742,-0.15018204976664432,-0.02206636818137403,0.6128367882115455,-3.4079633584340496,-1.2433891900485787
2018-09-01,28.06489137537287,-0.5444636632645027,8.107062697779988,6.646569164579803,34.1955923181234,0.17409966084883302,-0.1679466660993279,-0.0031910758593556698,0.5581977334028824,-3.551219555636403,-0.31622855105946607
2018-10-01,28.318165478106053,-0.4749024639018591,8.097321991960118,6.591654649553177,34.30705201829912,0.154349504664887,-0.135303696741238,0.011039944643625376,0.6201141588870903,-3.1367296396441113,-0.11688354038931426
2018-11-01,28.430092119387716,-0.277456358757585,8.093035993956645,6.531757289219608,34.412689194065365,0.18943460330340064,-0.09449306412201389,0.015098169109701621,0.7258691850311143,-2.556421405569951,0.2627581241391138
2018-12-01,28.907431092826275,0.14532580474682158,8.089533996291665,6.284247881908966,34.380263151345176,0.20333025772652114,-0.059434374610691086,0.03043133576536592,0.7867504822102553,-1.9480865655774375,0.5235345333798022
2019-01-01,29.259810323419586,0.08390852558229558,8.092240939423172,6.136646082230856,34.40610515025557,0.24054377687573775,0.003554736339184521,0.02526918050966199,0.8217783755527566,-0.45706613432369514,0.7128056762352872
2019-02-01,29.487486963498743,0.18477101570661486,8.097465907954671,6.109511003747851,34.33667068033875,0.2920436392689329,0.029606882706738488,0.013889870060257584,1.0201242950607055,-0.03632382720351379,0.30817108739024995
2019-03-01,29.53230636802843,0.2838018826353767,8.101520600069648,6.0207638298238075,34.22155948094593,0.2815760527630401,0.0697910782317448,-0.008138512230909101,1.1666715476144027,0.48054715368846634,-0.5844428192184551
2019-04-01,29.361592144834447,0.3336874971223362,8.110283198343996,6.007964907231321,34.06735505497535,0.3185414510857986,0.05263600898404119,-0.020865784322958603,0.9608471624424076,0.09424978130737433,-1.226545667761369
2019-05-01,29.249532907743117,0.48598410087588173,8.116754980973907,6.165015214408684,33.95742736256296,0.24757108473937003,0.006760107956921143,-0.035197998352361,1.0186915352795114,-0.2577415609722554,-1.444448485720752
2019-06-01,28.82943587589981,0.15757148553938313,8.115572517951637,6.244582058331597,33.9918048845314,0.20145686567121313,-0.03955382044103767,-0.03107841284629054,0.7187474867232958,-1.580474632017931,-1.3901471106651766
2019-07-01,28.497329479209622,0.017581583070027967,8.113468471985303,6.473099668227982,33.98108893365828,0.18294362986754245,-0.12138239226117925,-0.03518071689797998,0.7361793384193699,-2.326029721041853,-1.0943913688081306
2019-08-01,28.323531123132582,-0.5415374569898475,8.109023096878817,6.473649184639928,34.08653287436278,0.15455552173111073,-0.17926644645594603,-0.020383163893422308,0.6624586831332184,-3.0692415859915565,-1.1284807354054849
2019-09-01,28.00873441129066,-0.3077178007769157,8.099943119005275,6.588486573378754,34.14216258105111,0.12303541644597535,-0.17533111214468414,-0.008473731662603528,0.5836532854323547,-3.751667010934641,-0.4103986304720979
2019-10-01,28.231098021344145,-0.2939768709682603,8.092999613710768,6.673166428192594,34.36853179158524,0.14833072251899834,-0.15455727401816638,0.009819000876260033,0.5744838964261983,-2.878669735025893,-0.23874644845799908
2019-11-01,28.564873258230165,-0.04728274957263488,8.087590271015337,6.376037488035997,34.41584813455813,0.18655860554810685,-0.12578072066990978,0.023146595278061212,0.6427845579764733,-2.269768620221954,0.37266485744559474
2019-12-01,28.912977975432973,0.2018374035963992,8.086006959960361,6.2728462951835,34.43092198011956,0.2301704395381285,-0.019865154146329188,0.01688625695138779,0.7661246599994543,-1.1173143507914272,0.6251973534544002
2020-01-01,29.11473875397948,0.012262894543061731,8.088241670106342,6.155893953841181,34.35823944248697,0.2742036850089409,0.021342478353891248,0.03232757250392957,0.8686837444150926,-0.7258083973793147,0.6298147762966624
2020-02-01,29.559804287936537,0.11091677292182636,8.094872976053503,6.025569927058772,34.316023868820835,0.25240022460507294,0.058738900818989435,0.008601431080712199,1.0252470130695717,-0.02199054015660723,0.05357844606932799
2020-03-01,29.569963171014706,0.026198295628189427,8.100995031433364,6.066194471204273,34.2469919134214,0.34077629161561523,0.06683237353166768,-0.0035896112034258477,1.0770338698769497,0.42538905969240626,-0.7044877389607849
2020-04-01,29.6578160372629,0.11143937166645915,8.11191595618865,6.135548072654125,34.073135040305026,0.28090059988490795,0.05178121394604056,-0.026304218256824004,1.0534696215103971,0.22841275697143934,-0.9123531399931868
2020-05-01,29.298452366255763,0.22185114609233217,8.115145349400978,6.159041745341416,33.96966060748709,0.2635663601774377,0.004022863049856059,-0.036921148959217345,0.8568281810158367,-0.8856040821253628,-1.4652979834491844
2020-06-01,28.96428410645695,-0.020014474375440024,8.117958510199207,6.277638455299102,34.00089005692185,0.2076052462373652,-0.04533325065251272,-0.03441948517548703,0.7652745142492705,-1.7294569646581954,-1.6630607333108967
2020-07-01,28.59184053973839,-0.10360048606026073,8.115002178631837,6.444761079733236,33.965127628060586,0.1667952617098175,-0.12420634505883123,-0.03637062929955577,0.6512898600238801,-2.293256217536231,-1.191259497245393
2020-08-01,28.145094472471808,-0.3565959346358986,8.105238863890802,6.499767976235702,34.0919086582244,0.14697607939546317,-0.13955448917918095,-0.027195966845132577,0.5762691238315192,-3.8737187499815304,-1.103793021370727
2020-09-01,28.22062281641126,-0.21216003185452875,8.099552960077363,6.622258342091117,34.209610309312495,0.1138666192107679,-0.15703414340334393,-0.001347196658062621,0.6060356126830898,-3.5554515595131915,-0.7338125455270526
2020-10-01,28.296019392411395,-0.26985137277690635,8.092252330263875,6.55087395328838,34.35249778564017,0.13774157856582617,-0.15388491148095376,0.014443584819449547,0.6246416027111108,-3.107793662318244,-0.2521631565634939
2020-11-01,28.39466732312149,-0.07924830869185036,8.087809133482844,6.489047960521644,34.461287169337794,0.16048126920929065,-0.1026195044158838,0.022706910406866728,0.7435964884987417,-2.315957672873008,0.26094009740612006
2020-12-01,28.831928303327686,0.22875299787969303,8.085948064273406,6.275417375470715,34.4980698834136,0.19765734092096943,-0.038050475757636947,0.026663420312444563,0.7431930202408729,-1.2260724753953358,-0.05205388836896796
